i,local_time,ok,status,latency_ms,error
0,2026-05-16T22:22:00.116,1,200,235.295,
1,2026-05-16T22:22:00.406,1,200,235.975,
2,2026-05-16T22:22:00.701,1,200,239.916,
3,2026-05-16T22:22:01.008,1,200,244.026,
4,2026-05-16T22:22:01.306,1,200,237.806,
5,2026-05-16T22:22:01.610,1,200,250.207,
6,2026-05-16T22:22:01.907,1,200,243.094,
7,2026-05-16T22:22:02.205,1,200,235.74,
8,2026-05-16T22:22:02.498,1,200,238.086,
9,2026-05-16T22:22:02.786,1,200,237.449,
10,2026-05-16T22:22:03.073,1,200,235.785,
11,2026-05-16T22:22:03.368,1,200,240.126,
12,2026-05-16T22:22:03.653,1,200,234.713,
13,2026-05-16T22:22:03.943,1,200,236.143,
14,2026-05-16T22:22:04.233,1,200,235.566,
15,2026-05-16T22:22:04.525,1,200,240.983,
16,2026-05-16T22:22:04.911,1,200,320.63,
17,2026-05-16T22:22:05.292,1,200,319.309,
18,2026-05-16T22:22:05.688,1,200,334.181,
19,2026-05-16T22:22:06.059,1,200,309.103,
20,2026-05-16T22:22:06.447,1,200,332.796,
21,2026-05-16T22:22:06.832,1,200,322.655,
22,2026-05-16T22:22:07.264,1,200,373.998,
23,2026-05-16T22:22:07.560,1,200,243.007,
24,2026-05-16T22:22:07.866,1,200,244.24,
25,2026-05-16T22:22:08.165,1,200,238.845,
26,2026-05-16T22:22:08.457,1,200,240.67,
27,2026-05-16T22:22:08.754,1,200,245.956,
28,2026-05-16T22:22:09.059,1,200,245.328,
29,2026-05-16T22:22:09.362,1,200,244.713,
30,2026-05-16T22:22:09.665,1,200,240.373,
31,2026-05-16T22:22:09.975,1,200,245.146,
32,2026-05-16T22:22:10.277,1,200,243.769,
33,2026-05-16T22:22:10.577,1,200,241.475,
34,2026-05-16T22:22:10.879,1,200,240.086,
35,2026-05-16T22:22:11.169,1,200,238.872,
36,2026-05-16T22:22:11.463,1,200,241.455,
37,2026-05-16T22:22:11.761,1,200,235.329,
38,2026-05-16T22:22:12.060,1,200,243.202,
39,2026-05-16T22:22:12.356,1,200,236.213,
40,2026-05-16T22:22:12.645,1,200,235.401,
41,2026-05-16T22:22:12.940,1,200,238.538,
42,2026-05-16T22:22:13.229,1,200,237.093,
43,2026-05-16T22:22:13.536,1,200,255.203,
44,2026-05-16T22:22:13.848,1,200,246.93,
45,2026-05-16T22:22:14.154,1,200,246.441,
46,2026-05-16T22:22:14.456,1,200,242.11,
47,2026-05-16T22:22:14.766,1,200,245.862,
48,2026-05-16T22:22:15.061,1,200,236.349,
49,2026-05-16T22:22:15.362,1,200,244.213,
50,2026-05-16T22:22:15.669,1,200,246.69,
51,2026-05-16T22:22:15.961,1,200,234.877,
52,2026-05-16T22:22:16.255,1,200,239.452,
53,2026-05-16T22:22:16.568,1,200,248.746,
54,2026-05-16T22:22:16.871,1,200,245.6,
55,2026-05-16T22:22:17.171,1,200,239.923,
56,2026-05-16T22:22:17.460,1,200,237.811,
57,2026-05-16T22:22:17.754,1,200,242.73,
58,2026-05-16T22:22:18.056,1,200,240.363,
59,2026-05-16T22:22:18.352,1,200,243.818,
60,2026-05-16T22:22:18.656,1,200,243.961,
61,2026-05-16T22:22:19.257,1,200,539.636,
62,2026-05-16T22:22:19.554,1,200,244.525,
63,2026-05-16T22:22:19.858,1,200,243.392,
64,2026-05-16T22:22:20.164,1,200,246.531,
65,2026-05-16T22:22:20.470,1,200,245.81,
66,2026-05-16T22:22:20.780,1,200,253.376,
67,2026-05-16T22:22:21.077,1,200,244.841,
68,2026-05-16T22:22:21.383,1,200,245.626,
69,2026-05-16T22:22:21.687,1,200,242.681,
70,2026-05-16T22:22:21.986,1,200,239.505,
71,2026-05-16T22:22:22.292,1,200,241.229,
72,2026-05-16T22:22:22.604,1,200,248.132,
73,2026-05-16T22:22:22.901,1,200,236.786,
74,2026-05-16T22:22:23.192,1,200,239.1,
75,2026-05-16T22:22:23.491,1,200,247.74,
76,2026-05-16T22:22:23.789,1,200,241.071,
77,2026-05-16T22:22:24.093,1,200,239.613,
78,2026-05-16T22:22:24.410,1,200,253.118,
79,2026-05-16T22:22:24.708,1,200,245.08,
80,2026-05-16T22:22:25.011,1,200,244.262,
81,2026-05-16T22:22:25.323,1,200,250.746,
82,2026-05-16T22:22:25.624,1,200,245.572,
83,2026-05-16T22:22:25.921,1,200,238.619,
84,2026-05-16T22:22:26.213,1,200,238.676,
85,2026-05-16T22:22:26.525,1,200,247.116,
86,2026-05-16T22:22:26.823,1,200,236.7,
87,2026-05-16T22:22:27.112,1,200,236.447,
88,2026-05-16T22:22:27.409,1,200,241.76,
89,2026-05-16T22:22:27.715,1,200,244.085,
90,2026-05-16T22:22:28.015,1,200,240.899,
91,2026-05-16T22:22:28.323,1,200,244.263,
92,2026-05-16T22:22:28.628,1,200,242.797,
93,2026-05-16T22:22:28.925,1,200,239.882,
94,2026-05-16T22:22:29.219,1,200,243.2,
95,2026-05-16T22:22:29.536,1,200,253.331,
96,2026-05-16T22:22:29.842,1,200,254.488,
97,2026-05-16T22:22:30.154,1,200,247.019,
98,2026-05-16T22:22:30.456,1,200,243.222,
99,2026-05-16T22:22:30.766,1,200,245.668,
100,2026-05-16T22:22:31.068,1,200,244.117,
101,2026-05-16T22:22:31.373,1,200,242.508,
102,2026-05-16T22:22:31.683,1,200,246.202,
103,2026-05-16T22:22:31.986,1,200,245.237,
104,2026-05-16T22:22:32.287,1,200,242.136,
105,2026-05-16T22:22:32.602,1,200,251.824,
106,2026-05-16T22:22:32.904,1,200,248.842,
107,2026-05-16T22:22:33.216,1,200,255.563,
108,2026-05-16T22:22:33.505,1,200,238.099,
109,2026-05-16T22:22:33.794,1,200,236.161,
110,2026-05-16T22:22:34.086,1,200,238.057,
111,2026-05-16T22:22:34.380,1,200,243.567,
112,2026-05-16T22:22:34.692,1,200,250.696,
113,2026-05-16T22:22:34.993,1,200,247.572,
114,2026-05-16T22:22:35.301,1,200,250.815,
115,2026-05-16T22:22:35.600,1,200,243.233,
116,2026-05-16T22:22:35.899,1,200,237.875,
117,2026-05-16T22:22:36.188,1,200,237.157,
118,2026-05-16T22:22:36.491,1,200,238.595,
119,2026-05-16T22:22:36.782,1,200,237.549,
120,2026-05-16T22:22:37.074,1,200,239.769,
121,2026-05-16T22:22:37.377,1,200,238.867,
122,2026-05-16T22:22:37.667,1,200,239.035,
123,2026-05-16T22:22:37.956,1,200,238.463,
124,2026-05-16T22:22:38.249,1,200,241.466,
125,2026-05-16T22:22:38.553,1,200,240.579,
126,2026-05-16T22:22:38.856,1,200,239.753,
127,2026-05-16T22:22:39.153,1,200,246.694,
128,2026-05-16T22:22:39.470,1,200,257.525,
129,2026-05-16T22:22:39.791,1,200,259.565,
130,2026-05-16T22:22:40.108,1,200,256.851,
131,2026-05-16T22:22:40.482,1,200,311.278,
132,2026-05-16T22:22:40.865,1,200,330.787,
133,2026-05-16T22:22:41.262,1,200,345.792,
134,2026-05-16T22:22:41.657,1,200,340.402,
135,2026-05-16T22:22:42.044,1,200,330.553,
136,2026-05-16T22:22:42.430,1,200,333.751,
137,2026-05-16T22:22:42.862,1,200,368.809,
138,2026-05-16T22:22:43.162,1,200,241.365,
139,2026-05-16T22:22:43.463,1,200,238.619,
140,2026-05-16T22:22:43.769,1,200,241.481,
141,2026-05-16T22:22:44.070,1,200,238.051,
142,2026-05-16T22:22:44.357,1,200,235.355,
143,2026-05-16T22:22:44.646,1,200,235.559,
144,2026-05-16T22:22:44.937,1,200,236.636,
145,2026-05-16T22:22:45.228,1,200,238.122,
146,2026-05-16T22:22:45.525,1,200,245.175,
147,2026-05-16T22:22:45.824,1,200,237.978,
148,2026-05-16T22:22:46.116,1,200,239.055,
149,2026-05-16T22:22:46.418,1,200,236.816,
150,2026-05-16T22:22:46.716,1,200,243.353,
151,2026-05-16T22:22:47.015,1,200,236.982,
152,2026-05-16T22:22:47.309,1,200,240.245,
153,2026-05-16T22:22:47.616,1,200,241.658,
154,2026-05-16T22:22:47.913,1,200,236.737,
155,2026-05-16T22:22:48.200,1,200,235.762,
156,2026-05-16T22:22:48.488,1,200,235.506,
157,2026-05-16T22:22:48.785,1,200,241.183,
158,2026-05-16T22:22:49.361,1,200,515.367,
159,2026-05-16T22:22:49.666,1,200,245.109,
160,2026-05-16T22:22:49.964,1,200,240.535,
161,2026-05-16T22:22:50.275,1,200,248.296,
162,2026-05-16T22:22:50.579,1,200,247.199,
163,2026-05-16T22:22:50.891,1,200,254.873,
164,2026-05-16T22:22:51.200,1,200,258.479,
165,2026-05-16T22:22:51.512,1,200,249.089,
166,2026-05-16T22:22:51.811,1,200,241.9,
167,2026-05-16T22:22:52.119,1,200,242.461,
168,2026-05-16T22:22:52.423,1,200,243.351,
169,2026-05-16T22:22:52.725,1,200,240.094,
170,2026-05-16T22:22:53.029,1,200,240.582,
171,2026-05-16T22:22:53.348,1,200,255.127,
172,2026-05-16T22:22:53.667,1,200,253.433,
173,2026-05-16T22:22:53.954,1,200,236.948,
174,2026-05-16T22:22:54.254,1,200,246.417,
175,2026-05-16T22:22:54.568,1,200,253.151,
176,2026-05-16T22:22:54.858,1,200,238.898,
177,2026-05-16T22:22:55.166,1,200,243.996,
178,2026-05-16T22:22:55.471,1,200,243.207,
179,2026-05-16T22:22:55.773,1,200,240.039,
180,2026-05-16T22:22:56.063,1,200,238.382,
181,2026-05-16T22:22:56.359,1,200,244.633,
182,2026-05-16T22:22:56.652,1,200,235.139,
183,2026-05-16T22:22:56.951,1,200,245.194,
184,2026-05-16T22:22:57.253,1,200,242.22,
185,2026-05-16T22:22:57.563,1,200,245.688,
186,2026-05-16T22:22:57.874,1,200,248.583,
187,2026-05-16T22:22:58.175,1,200,246.165,
188,2026-05-16T22:22:58.482,1,200,248.263,
189,2026-05-16T22:22:58.778,1,200,237.99,
190,2026-05-16T22:22:59.064,1,200,234.918,
191,2026-05-16T22:22:59.357,1,200,236.452,
192,2026-05-16T22:22:59.655,1,200,243.968,
193,2026-05-16T22:22:59.958,1,200,243.372,
194,2026-05-16T22:23:00.262,1,200,243.374,
195,2026-05-16T22:23:00.569,1,200,243.024,
196,2026-05-16T22:23:00.867,1,200,237.965,
197,2026-05-16T22:23:01.158,1,200,239.297,
198,2026-05-16T22:23:01.455,1,200,245.554,
199,2026-05-16T22:23:01.759,1,200,244.207,
200,2026-05-16T22:23:02.070,1,200,250.426,
201,2026-05-16T22:23:02.377,1,200,252.005,
202,2026-05-16T22:23:02.678,1,200,247.31,
203,2026-05-16T22:23:02.979,1,200,243.718,
204,2026-05-16T22:23:03.292,1,200,254.307,
205,2026-05-16T22:23:03.603,1,200,247.695,
206,2026-05-16T22:23:03.914,1,200,253.817,
207,2026-05-16T22:23:04.231,1,200,252.041,
208,2026-05-16T22:23:04.531,1,200,245.733,
209,2026-05-16T22:23:04.830,1,200,240.542,
210,2026-05-16T22:23:05.156,1,200,262.191,
211,2026-05-16T22:23:05.458,1,200,242.901,
212,2026-05-16T22:23:05.766,1,200,245.459,
213,2026-05-16T22:23:06.066,1,200,242.245,
214,2026-05-16T22:23:06.366,1,200,239.192,
215,2026-05-16T22:23:06.656,1,200,237.226,
216,2026-05-16T22:23:06.946,1,200,237.79,
217,2026-05-16T22:23:07.238,1,200,240.306,
218,2026-05-16T22:23:07.542,1,200,241.428,
219,2026-05-16T22:23:07.846,1,200,239.01,
220,2026-05-16T22:23:08.153,1,200,242.403,
221,2026-05-16T22:23:08.452,1,200,236.281,
222,2026-05-16T22:23:08.748,1,200,240.671,
223,2026-05-16T22:23:09.044,1,200,245.206,
224,2026-05-16T22:23:09.338,1,200,235.779,
225,2026-05-16T22:23:09.627,1,200,235.912,
226,2026-05-16T22:23:09.914,1,200,234.74,
227,2026-05-16T22:23:10.204,1,200,235.414,
228,2026-05-16T22:23:10.498,1,200,238.489,
229,2026-05-16T22:23:10.793,1,200,243.494,
230,2026-05-16T22:23:11.098,1,200,244.208,
231,2026-05-16T22:23:11.406,1,200,246.482,
232,2026-05-16T22:23:11.713,1,200,247.28,
233,2026-05-16T22:23:12.010,1,200,238.674,
234,2026-05-16T22:23:12.328,1,200,253.237,
235,2026-05-16T22:23:12.624,1,200,244.901,
236,2026-05-16T22:23:12.931,1,200,247.741,
237,2026-05-16T22:23:13.240,1,200,253.643,
238,2026-05-16T22:23:13.551,1,200,257.866,
239,2026-05-16T22:23:13.873,1,200,259.404,
240,2026-05-16T22:23:14.208,1,200,272.766,
241,2026-05-16T22:23:14.522,1,200,251.51,
242,2026-05-16T22:23:14.834,1,200,257.62,
243,2026-05-16T22:23:15.139,1,200,241.771,
244,2026-05-16T22:23:15.450,1,200,249.725,
245,2026-05-16T22:23:15.743,1,200,238.712,
246,2026-05-16T22:23:16.030,1,200,235.346,
247,2026-05-16T22:23:16.323,1,200,240.257,
248,2026-05-16T22:23:16.630,1,200,242.821,
249,2026-05-16T22:23:16.928,1,200,235.037,
250,2026-05-16T22:23:17.220,1,200,238.967,
251,2026-05-16T22:23:17.550,1,200,278.274,
252,2026-05-16T22:23:17.851,1,200,244.352,
253,2026-05-16T22:23:18.164,1,200,253.667,
254,2026-05-16T22:23:18.479,1,200,251.018,
255,2026-05-16T22:23:18.784,1,200,250.056,
256,2026-05-16T22:23:19.077,1,200,237.968,
257,2026-05-16T22:23:19.364,1,200,236.218,
258,2026-05-16T22:23:19.661,1,200,243.059,
259,2026-05-16T22:23:19.960,1,200,239.653,
260,2026-05-16T22:23:20.246,1,200,235.042,
261,2026-05-16T22:23:20.537,1,200,238.072,
262,2026-05-16T22:23:20.846,1,200,242.582,
263,2026-05-16T22:23:21.151,1,200,244.848,
264,2026-05-16T22:23:21.463,1,200,250.62,
265,2026-05-16T22:23:21.762,1,200,243.936,
266,2026-05-16T22:23:22.067,1,200,243.87,
267,2026-05-16T22:23:22.373,1,200,246.242,
268,2026-05-16T22:23:22.669,1,200,239.917,
269,2026-05-16T22:23:22.984,1,200,250.945,
270,2026-05-16T22:23:23.303,1,200,264.436,
271,2026-05-16T22:23:23.611,1,200,251.413,
272,2026-05-16T22:23:23.914,1,200,247.747,
273,2026-05-16T22:23:24.218,1,200,249.362,
274,2026-05-16T22:23:24.519,1,200,245.724,
275,2026-05-16T22:23:24.835,1,200,258.841,
276,2026-05-16T22:23:25.157,1,200,261.707,
277,2026-05-16T22:23:25.475,1,200,260.597,
278,2026-05-16T22:23:25.786,1,200,249.259,
279,2026-05-16T22:23:26.081,1,200,238.309,
280,2026-05-16T22:23:26.369,1,200,237.545,
281,2026-05-16T22:23:26.662,1,200,240.705,
282,2026-05-16T22:23:26.970,1,200,243.985,
283,2026-05-16T22:23:27.283,1,200,250.423,
284,2026-05-16T22:23:27.592,1,200,253.901,
285,2026-05-16T22:23:27.897,1,200,253.641,
286,2026-05-16T22:23:28.191,1,200,244.22,
287,2026-05-16T22:23:28.500,1,200,249.47,
288,2026-05-16T22:23:28.806,1,200,250.332,
289,2026-05-16T22:23:29.107,1,200,246.967,
290,2026-05-16T22:23:29.417,1,200,251.669,
291,2026-05-16T22:23:29.716,1,200,245.78,
292,2026-05-16T22:23:30.021,1,200,244.933,
293,2026-05-16T22:23:30.332,1,200,249.694,
294,2026-05-16T22:23:30.632,1,200,244.775,
295,2026-05-16T22:23:30.935,1,200,243.503,
296,2026-05-16T22:23:31.239,1,200,243.755,
297,2026-05-16T22:23:31.542,1,200,242.511,
298,2026-05-16T22:23:31.849,1,200,245.407,
299,2026-05-16T22:23:32.161,1,200,251.772,
300,2026-05-16T22:23:32.466,1,200,252.959,
301,2026-05-16T22:23:32.767,1,200,250.294,
302,2026-05-16T22:23:33.080,1,200,257.55,
303,2026-05-16T22:23:33.385,1,200,241.166,
304,2026-05-16T22:23:33.697,1,200,249.292,
305,2026-05-16T22:23:34.002,1,200,250.047,
306,2026-05-16T22:23:34.307,1,200,248.837,
307,2026-05-16T22:23:34.614,1,200,251.191,
308,2026-05-16T22:23:34.916,1,200,247.635,
309,2026-05-16T22:23:35.228,1,200,253.794,
310,2026-05-16T22:23:35.546,1,200,253.106,
311,2026-05-16T22:23:35.853,1,200,255.32,
312,2026-05-16T22:23:36.165,1,200,247.165,
313,2026-05-16T22:23:36.459,1,200,236.165,
314,2026-05-16T22:23:36.746,1,200,235.105,
315,2026-05-16T22:23:37.035,1,200,235.693,
316,2026-05-16T22:23:37.331,1,200,242.917,
317,2026-05-16T22:23:37.638,1,200,244.249,
318,2026-05-16T22:23:37.947,1,200,249.727,
319,2026-05-16T22:23:38.254,1,200,252.373,
320,2026-05-16T22:23:38.569,1,200,249.144,
321,2026-05-16T22:23:38.865,1,200,240.605,
322,2026-05-16T22:23:39.174,1,200,244.65,
323,2026-05-16T22:23:39.481,1,200,247.033,
324,2026-05-16T22:23:39.792,1,200,252.157,
325,2026-05-16T22:23:40.103,1,200,259.83,
326,2026-05-16T22:23:40.405,1,200,242.238,
327,2026-05-16T22:23:40.720,1,200,251.547,
328,2026-05-16T22:23:41.036,1,200,262.501,
329,2026-05-16T22:23:41.343,1,200,251.036,
330,2026-05-16T22:23:41.639,1,200,242.882,
331,2026-05-16T22:23:41.938,1,200,237.742,
332,2026-05-16T22:23:42.231,1,200,239.283,
333,2026-05-16T22:23:42.544,1,200,249.166,
334,2026-05-16T22:23:42.857,1,200,256.63,
335,2026-05-16T22:23:43.177,1,200,257.13,
336,2026-05-16T22:23:43.492,1,200,252.244,
337,2026-05-16T22:23:43.802,1,200,257.129,
338,2026-05-16T22:23:44.120,1,200,256.795,
339,2026-05-16T22:23:44.423,1,200,253.058,
340,2026-05-16T22:23:44.733,1,200,257.995,
341,2026-05-16T22:23:45.050,1,200,256.565,
342,2026-05-16T22:23:45.350,1,200,249.114,
343,2026-05-16T22:23:45.656,1,200,250.022,
344,2026-05-16T22:23:45.972,1,200,260.395,
345,2026-05-16T22:23:46.283,1,200,251.967,
346,2026-05-16T22:23:46.582,1,200,248.08,
347,2026-05-16T22:23:46.887,1,200,246.952,
348,2026-05-16T22:23:47.180,1,200,237.213,
349,2026-05-16T22:23:47.468,1,200,236.355,
350,2026-05-16T22:23:47.759,1,200,235.365,
351,2026-05-16T22:23:48.056,1,200,245.675,
352,2026-05-16T22:23:48.358,1,200,245.204,
353,2026-05-16T22:23:48.658,1,200,239.845,
354,2026-05-16T22:23:48.953,1,200,244.54,
355,2026-05-16T22:23:49.260,1,200,244.122,
356,2026-05-16T22:23:49.565,1,200,244.695,
357,2026-05-16T22:23:49.869,1,200,243.452,
358,2026-05-16T22:23:50.176,1,200,246.115,
359,2026-05-16T22:23:50.483,1,200,249.762,
360,2026-05-16T22:23:50.786,1,200,246.544,
361,2026-05-16T22:23:51.095,1,200,248.595,
362,2026-05-16T22:23:51.404,1,200,255.116,
363,2026-05-16T22:23:51.721,1,200,251.449,
364,2026-05-16T22:23:52.021,1,200,246.576,
365,2026-05-16T22:23:52.325,1,200,242.959,
366,2026-05-16T22:23:52.621,1,200,234.974,
367,2026-05-16T22:23:52.912,1,200,236.344,
368,2026-05-16T22:23:53.207,1,200,241.745,
369,2026-05-16T22:23:53.518,1,200,247.087,
370,2026-05-16T22:23:53.821,1,200,247.678,
371,2026-05-16T22:23:54.122,1,200,243.621,
372,2026-05-16T22:23:54.434,1,200,250.204,
373,2026-05-16T22:23:54.731,1,200,240.708,
374,2026-05-16T22:23:55.040,1,200,244.204,
375,2026-05-16T22:23:55.349,1,200,246.014,
376,2026-05-16T22:23:55.655,1,200,245.743,
377,2026-05-16T22:23:55.960,1,200,247.881,
378,2026-05-16T22:23:56.260,1,200,242.416,
379,2026-05-16T22:23:56.566,1,200,243.15,
380,2026-05-16T22:23:56.878,1,200,248.969,
381,2026-05-16T22:23:57.193,1,200,259.723,
382,2026-05-16T22:23:57.505,1,200,251.457,
383,2026-05-16T22:23:57.797,1,200,237.445,
384,2026-05-16T22:23:58.086,1,200,237.591,
385,2026-05-16T22:23:58.374,1,200,234.61,
386,2026-05-16T22:23:58.668,1,200,239.529,
387,2026-05-16T22:23:58.987,1,200,255.173,
388,2026-05-16T22:23:59.291,1,200,253.995,
389,2026-05-16T22:23:59.592,1,200,248.999,
390,2026-05-16T22:23:59.896,1,200,249.145,
391,2026-05-16T22:24:00.201,1,200,249.686,
392,2026-05-16T22:24:00.512,1,200,254.857,
393,2026-05-16T22:24:00.821,1,200,245.196,
394,2026-05-16T22:24:01.129,1,200,249.56,
395,2026-05-16T22:24:01.426,1,200,241.675,
396,2026-05-16T22:24:01.736,1,200,249.726,
397,2026-05-16T22:24:02.039,1,200,246.767,
398,2026-05-16T22:24:02.342,1,200,248.047,
399,2026-05-16T22:24:02.646,1,200,246.79,
400,2026-05-16T22:24:02.950,1,200,249.058,
401,2026-05-16T22:24:03.247,1,200,242.875,
402,2026-05-16T22:24:03.546,1,200,237.745,
403,2026-05-16T22:24:03.848,1,200,249.745,
404,2026-05-16T22:24:04.154,1,200,252.845,
405,2026-05-16T22:24:04.463,1,200,253.472,
406,2026-05-16T22:24:04.764,1,200,246.968,
407,2026-05-16T22:24:05.082,1,200,259.169,
408,2026-05-16T22:24:05.389,1,200,247.129,
409,2026-05-16T22:24:05.693,1,200,247.288,
410,2026-05-16T22:24:05.997,1,200,246.396,
411,2026-05-16T22:24:06.301,1,200,247.744,
412,2026-05-16T22:24:06.609,1,200,249.45,
413,2026-05-16T22:24:06.924,1,200,258.468,
414,2026-05-16T22:24:07.238,1,200,254.517,
415,2026-05-16T22:24:07.820,1,200,516.901,
416,2026-05-16T22:24:08.127,1,200,246.06,
417,2026-05-16T22:24:08.422,1,200,234.353,
418,2026-05-16T22:24:08.717,1,200,237.956,
419,2026-05-16T22:24:09.013,1,200,242.789,
420,2026-05-16T22:24:09.320,1,200,244.832,
421,2026-05-16T22:24:09.633,1,200,253.105,
422,2026-05-16T22:24:09.933,1,200,247.48,
423,2026-05-16T22:24:10.239,1,200,248.326,
424,2026-05-16T22:24:10.563,1,200,265.784,
425,2026-05-16T22:24:10.874,1,200,256.049,
426,2026-05-16T22:24:11.189,1,200,250.835,
427,2026-05-16T22:24:11.490,1,200,247.191,
428,2026-05-16T22:24:11.794,1,200,248.109,
429,2026-05-16T22:24:12.103,1,200,253.601,
430,2026-05-16T22:24:12.416,1,200,247.801,
431,2026-05-16T22:24:12.725,1,200,253.695,
432,2026-05-16T22:24:13.030,1,200,254.91,
433,2026-05-16T22:24:13.338,1,200,255.99,
434,2026-05-16T22:24:13.658,1,200,256.95,
435,2026-05-16T22:24:13.967,1,200,247.179,
436,2026-05-16T22:24:14.261,1,200,236.866,
437,2026-05-16T22:24:14.562,1,200,249.481,
438,2026-05-16T22:24:14.878,1,200,259.554,
439,2026-05-16T22:24:15.208,1,200,269.7,
440,2026-05-16T22:24:15.530,1,200,259.981,
441,2026-05-16T22:24:15.842,1,200,252.337,
442,2026-05-16T22:24:16.151,1,200,255.105,
443,2026-05-16T22:24:16.468,1,200,254.779,
444,2026-05-16T22:24:16.780,1,200,250.64,
445,2026-05-16T22:24:17.089,1,200,254.094,
446,2026-05-16T22:24:17.389,1,200,246.509,
447,2026-05-16T22:24:17.701,1,200,254.537,
448,2026-05-16T22:24:18.012,1,200,260.194,
449,2026-05-16T22:24:18.322,1,200,249.693,
450,2026-05-16T22:24:18.632,1,200,254.714,
451,2026-05-16T22:24:18.941,1,200,245.62,
452,2026-05-16T22:24:19.247,1,200,247.576,
453,2026-05-16T22:24:19.544,1,200,238.319,
454,2026-05-16T22:24:19.842,1,200,244.139,
455,2026-05-16T22:24:20.148,1,200,247.681,
456,2026-05-16T22:24:20.458,1,200,253.842,
457,2026-05-16T22:24:20.756,1,200,247.656,
458,2026-05-16T22:24:21.065,1,200,253.904,
459,2026-05-16T22:24:21.369,1,200,251.236,
460,2026-05-16T22:24:21.674,1,200,250.349,
461,2026-05-16T22:24:21.979,1,200,251.227,
462,2026-05-16T22:24:22.282,1,200,249.142,
463,2026-05-16T22:24:22.585,1,200,248.579,
464,2026-05-16T22:24:22.894,1,200,251.447,
465,2026-05-16T22:24:23.205,1,200,255.785,
466,2026-05-16T22:24:23.511,1,200,254.859,
467,2026-05-16T22:24:23.821,1,200,257.871,
468,2026-05-16T22:24:24.148,1,200,266.317,
469,2026-05-16T22:24:24.456,1,200,255.346,
470,2026-05-16T22:24:24.748,1,200,240.372,
471,2026-05-16T22:24:25.049,1,200,237.951,
472,2026-05-16T22:24:25.348,1,200,248.426,
473,2026-05-16T22:24:25.914,1,200,509.102,
474,2026-05-16T22:24:26.223,1,200,251.838,
475,2026-05-16T22:24:26.520,1,200,244.588,
476,2026-05-16T22:24:26.835,1,200,253.657,
477,2026-05-16T22:24:27.131,1,200,245.388,
478,2026-05-16T22:24:27.440,1,200,246.733,
479,2026-05-16T22:24:27.760,1,200,259.833,
480,2026-05-16T22:24:28.077,1,200,256.642,
481,2026-05-16T22:24:28.389,1,200,248.492,
482,2026-05-16T22:24:28.712,1,200,264.775,
483,2026-05-16T22:24:29.017,1,200,250.909,
484,2026-05-16T22:24:29.322,1,200,252.661,
485,2026-05-16T22:24:29.611,1,200,235.799,
486,2026-05-16T22:24:29.902,1,200,237.702,
487,2026-05-16T22:24:30.189,1,200,235.938,
488,2026-05-16T22:24:30.486,1,200,243.034,
489,2026-05-16T22:24:30.789,1,200,240.715,
490,2026-05-16T22:24:31.098,1,200,247.737,
491,2026-05-16T22:24:31.399,1,200,244.534,
492,2026-05-16T22:24:31.703,1,200,245.288,
493,2026-05-16T22:24:32.003,1,200,240.738,
494,2026-05-16T22:24:32.315,1,200,248.298,
495,2026-05-16T22:24:32.621,1,200,250.18,
496,2026-05-16T22:24:32.927,1,200,249.312,
497,2026-05-16T22:24:33.225,1,200,241.904,
498,2026-05-16T22:24:33.542,1,200,253.186,
499,2026-05-16T22:24:33.834,1,200,241.077,
